offset|japanese|max_bytes|sjis_hex
0x08b9ac|学生特権|8|\x8a\x77\x90\xb6\x93\xc1\x8c\xa0
0x08b9c4|秘されしモノ|12|\x94\xe9\x82\xb3\x82\xea\x82\xb5\x83\x82\x83\x6d
0x08b9d4|願いの軌跡|10|\x8a\xe8\x82\xa2\x82\xcc\x8b\x4f\x90\xd5
0x08b9e0|奇跡を願っても|14|\x8a\xef\x90\xd5\x82\xf0\x8a\xe8\x82\xc1\x82\xc4\x82\xe0
0x08b9f0|今この手の中の幸福|18|\x8d\xa1\x82\xb1\x82\xcc\x8e\xe8\x82\xcc\x92\x86\x82\xcc\x8d\x4b\x95\x9f
0x08ba04|愛という幸福|12|\x88\xa4\x82\xc6\x82\xa2\x82\xa4\x8d\x4b\x95\x9f
0x08ba14|もしこの心届くなら|18|\x82\xe0\x82\xb5\x82\xb1\x82\xcc\x90\x53\x93\xcd\x82\xad\x82\xc8\x82\xe7
0x08ba28|震える心抱いて|14|\x90\x6b\x82\xa6\x82\xe9\x90\x53\x95\xf8\x82\xa2\x82\xc4
0x08ba38|心奏でて|8|\x90\x53\x91\x74\x82\xc5\x82\xc4
0x08ba44|奮い立つ心|10|\x95\xb1\x82\xa2\x97\xa7\x82\xc2\x90\x53
0x08ba50|重ね想う|8|\x8f\x64\x82\xcb\x91\x7a\x82\xa4
0x08ba78|並んで歩くだけでも|18|\x95\xc0\x82\xf1\x82\xc5\x95\xe0\x82\xad\x82\xbe\x82\xaf\x82\xc5\x82\xe0
0x08ba8c|抜き足差し足猫の足|18|\x94\xb2\x82\xab\x91\xab\x8d\xb7\x82\xb5\x91\xab\x94\x4c\x82\xcc\x91\xab
0x08bab4|こんな上々の休日|16|\x82\xb1\x82\xf1\x82\xc8\x8f\xe3\x81\x58\x82\xcc\x8b\x78\x93\xfa
0x08bac8|心躍り胸弾む|12|\x90\x53\x96\xf4\x82\xe8\x8b\xb9\x92\x65\x82\xde
0x08bad8|足取り軽く心軽く|16|\x91\xab\x8e\xe6\x82\xe8\x8c\x79\x82\xad\x90\x53\x8c\x79\x82\xad
0x08baec|静かに冴える夜|14|\x90\xc3\x82\xa9\x82\xc9\x8d\xe1\x82\xa6\x82\xe9\x96\xe9
0x08bafc|まだまだ今日は終わらない|24|\x82\xdc\x82\xbe\x82\xdc\x82\xbe\x8d\xa1\x93\xfa\x82\xcd\x8f\x49\x82\xed\x82\xe7\x82\xc8\x82\xa2
0x08bb18|実家のような心地よさ|20|\x8e\xc0\x89\xc6\x82\xcc\x82\xe6\x82\xa4\x82\xc8\x90\x53\x92\x6e\x82\xe6\x82\xb3
0x08bb30|解き放て青春|12|\x89\xf0\x82\xab\x95\xfa\x82\xc4\x90\xc2\x8f\x74
0x08bb40|学食か購買か弁当か|18|\x8a\x77\x90\x48\x82\xa9\x8d\x77\x94\x83\x82\xa9\x95\xd9\x93\x96\x82\xa9
0x08bb5c|未来への資産|12|\x96\xa2\x97\x88\x82\xd6\x82\xcc\x8e\x91\x8e\x59
0x08bb6c|かったるくない通学路|20|\x82\xa9\x82\xc1\x82\xbd\x82\xe9\x82\xad\x82\xc8\x82\xa2\x92\xca\x8a\x77\x98\x48
0x08bb84|心躍る幕開け|12|\x90\x53\x96\xf4\x82\xe9\x96\x8b\x8a\x4a\x82\xaf
0x08bb94|のんびり長閑に|14|\x82\xcc\x82\xf1\x82\xd1\x82\xe8\x92\xb7\x8a\xd5\x82\xc9
0x08bba4|親友≒悪友|10|\x90\x65\x97\x46\x81\xe0\x88\xab\x97\x46
0x08bbb0|ちょこっと自分らしく|20|\x82\xbf\x82\xe5\x82\xb1\x82\xc1\x82\xc6\x8e\xa9\x95\xaa\x82\xe7\x82\xb5\x82\xad
0x08bbc8|これでも風紀委員ですから|24|\x82\xb1\x82\xea\x82\xc5\x82\xe0\x95\x97\x8b\x49\x88\xcf\x88\xf5\x82\xc5\x82\xb7\x82\xa9\x82\xe7
0x08bbe4|少しだけ譲れないもの|20|\x8f\xad\x82\xb5\x82\xbe\x82\xaf\x8f\xf7\x82\xea\x82\xc8\x82\xa2\x82\xe0\x82\xcc
0x08bbfc|恋愛請負、執行致します|22|\x97\xf6\x88\xa4\x90\xbf\x95\x89\x81\x41\x8e\xb7\x8d\x73\x92\x76\x82\xb5\x82\xdc\x82\xb7
0x08bc14|甘くて美味しいのはいかが？|26|\x8a\xc3\x82\xad\x82\xc4\x94\xfc\x96\xa1\x82\xb5\x82\xa2\x82\xcc\x82\xcd\x82\xa2\x82\xa9\x82\xaa\x81\x48
0x08bc30|小悪魔？裏モード？|18|\x8f\xac\x88\xab\x96\x82\x81\x48\x97\xa0\x83\x82\x81\x5b\x83\x68\x81\x48
0x08bc44|穏やかに舞うサクラのように|26|\x89\xb8\x82\xe2\x82\xa9\x82\xc9\x95\x91\x82\xa4\x83\x54\x83\x4e\x83\x89\x82\xcc\x82\xe6\x82\xa4\x82\xc9
0x08bc60|穏やかなお日様のように|22|\x89\xb8\x82\xe2\x82\xa9\x82\xc8\x82\xa8\x93\xfa\x97\x6c\x82\xcc\x82\xe6\x82\xa4\x82\xc9
0x08bc78|風に舞う花のように|18|\x95\x97\x82\xc9\x95\x91\x82\xa4\x89\xd4\x82\xcc\x82\xe6\x82\xa4\x82\xc9
0x08bc8c|いつか見た、懐かしい夢|22|\x82\xa2\x82\xc2\x82\xa9\x8c\xa9\x82\xbd\x81\x41\x89\xf9\x82\xa9\x82\xb5\x82\xa2\x96\xb2
0x08bca4|いつか見た夢|12|\x82\xa2\x82\xc2\x82\xa9\x8c\xa9\x82\xbd\x96\xb2
0x08bcb4|Ｄ．Ｃ．|8|\x82\x63\x81\x44\x82\x62\x81\x44
0x08bcd0|明日への期待|12|\x96\xbe\x93\xfa\x82\xd6\x82\xcc\x8a\xfa\x91\xd2
0x08bcf4|バレンタインな打ち上げ|22|\x83\x6f\x83\x8c\x83\x93\x83\x5e\x83\x43\x83\x93\x82\xc8\x91\xc5\x82\xbf\x8f\xe3\x82\xb0
0x08bd20|恋のレジェンドバトル|20|\x97\xf6\x82\xcc\x83\x8c\x83\x57\x83\x46\x83\x93\x83\x68\x83\x6f\x83\x67\x83\x8b
0x08bd4c|恋パの朝|8|\x97\xf6\x83\x70\x82\xcc\x92\xa9
0x08bd6c|明日は恋パ|10|\x96\xbe\x93\xfa\x82\xcd\x97\xf6\x83\x70
0x08bd8c|８つ目の大罪|12|\x82\x57\x82\xc2\x96\xda\x82\xcc\x91\xe5\x8d\xdf
0x08bdb0|サプライズは秘密|16|\x83\x54\x83\x76\x83\x89\x83\x43\x83\x59\x82\xcd\x94\xe9\x96\xa7
0x08bdd8|寝顔はかわいい二乃|18|\x90\x51\x8a\xe7\x82\xcd\x82\xa9\x82\xed\x82\xa2\x82\xa2\x93\xf1\x94\x54
0x08be00|準備はあと１日|14|\x8f\x80\x94\xf5\x82\xcd\x82\xa0\x82\xc6\x82\x50\x93\xfa
0x08be24|演技でも俺らしく|16|\x89\x89\x8b\x5a\x82\xc5\x82\xe0\x89\xb4\x82\xe7\x82\xb5\x82\xad
0x08be4c|詩名いじり|10|\x8e\x8d\x96\xbc\x82\xa2\x82\xb6\x82\xe8
0x08be6c|至福と無駄遣い|14|\x8e\x8a\x95\x9f\x82\xc6\x96\xb3\x91\xca\x8c\xad\x82\xa2
0x08be90|ネゴシエイター二乃|18|\x83\x6c\x83\x53\x83\x56\x83\x47\x83\x43\x83\x5e\x81\x5b\x93\xf1\x94\x54
0x08beb8|大詰めの作業割|14|\x91\xe5\x8b\x6c\x82\xdf\x82\xcc\x8d\xec\x8b\xc6\x8a\x84
0x08bedc|泉先生の商い講義|16|\x90\xf2\x90\xe6\x90\xb6\x82\xcc\x8f\xa4\x82\xa2\x8d\x75\x8b\x60
0x08bf04|特命大使ちょこ|14|\x93\xc1\x96\xbd\x91\xe5\x8e\x67\x82\xbf\x82\xe5\x82\xb1
0x08bf28|明日からまた忙しく|18|\x96\xbe\x93\xfa\x82\xa9\x82\xe7\x82\xdc\x82\xbd\x96\x5a\x82\xb5\x82\xad
0x08bf50|止まった時計|12|\x8e\x7e\x82\xdc\x82\xc1\x82\xbd\x8e\x9e\x8c\x76
0x08bf74|台本読み練習|12|\x91\xe4\x96\x7b\x93\xc7\x82\xdd\x97\xfb\x8f\x4b
0x08bf98|杉並と詩名|10|\x90\x99\x95\xc0\x82\xc6\x8e\x8d\x96\xbc
0x08bfb8|うろぼろす|10|\x82\xa4\x82\xeb\x82\xda\x82\xeb\x82\xb7
0x08bfd8|ファンタジーな回想|18|\x83\x74\x83\x40\x83\x93\x83\x5e\x83\x57\x81\x5b\x82\xc8\x89\xf1\x91\x7a
0x08c000|さてもうひと頑張り|18|\x82\xb3\x82\xc4\x82\xe0\x82\xa4\x82\xd0\x82\xc6\x8a\xe6\x92\xa3\x82\xe8
0x08c028|いつもよりは寝過ごして|22|\x82\xa2\x82\xc2\x82\xe0\x82\xe6\x82\xe8\x82\xcd\x90\x51\x89\xdf\x82\xb2\x82\xb5\x82\xc4
0x08c054|もう一度見たい|14|\x82\xe0\x82\xa4\x88\xea\x93\x78\x8c\xa9\x82\xbd\x82\xa2
0x08c078|果たしてバグか？|16|\x89\xca\x82\xbd\x82\xb5\x82\xc4\x83\x6f\x83\x4f\x82\xa9\x81\x48
0x08c0a0|稀有な体験|10|\x8b\x48\x97\x4c\x82\xc8\x91\xcc\x8c\xb1
0x08c0c0|楽しみですね|12|\x8a\x79\x82\xb5\x82\xdd\x82\xc5\x82\xb7\x82\xcb
0x08c0e4|新アトラクションのお誘い|24|\x90\x56\x83\x41\x83\x67\x83\x89\x83\x4e\x83\x56\x83\x87\x83\x93\x82\xcc\x82\xa8\x97\x55\x82\xa2
0x08c114|ちぇしの雨宿り|14|\x82\xbf\x82\xa5\x82\xb5\x82\xcc\x89\x4a\x8f\x68\x82\xe8
0x08c138|台本のための質問|16|\x91\xe4\x96\x7b\x82\xcc\x82\xbd\x82\xdf\x82\xcc\x8e\xbf\x96\xe2
0x08c160|偶然の同行|10|\x8b\xf4\x91\x52\x82\xcc\x93\xaf\x8d\x73
0x08c180|風紀委員とのネゴ|16|\x95\x97\x8b\x49\x88\xcf\x88\xf5\x82\xc6\x82\xcc\x83\x6c\x83\x53
0x08c1a8|地味な作業のご褒美|18|\x92\x6e\x96\xa1\x82\xc8\x8d\xec\x8b\xc6\x82\xcc\x82\xb2\x96\x4a\x94\xfc
0x08c1d0|手が足りなそうなのは|20|\x8e\xe8\x82\xaa\x91\xab\x82\xe8\x82\xc8\x82\xbb\x82\xa4\x82\xc8\x82\xcc\x82\xcd
0x08c1fc|ご飯を食べて頑張ろう|20|\x82\xb2\x94\xd1\x82\xf0\x90\x48\x82\xd7\x82\xc4\x8a\xe6\x92\xa3\x82\xeb\x82\xa4
0x08c228|心地よい疲労|12|\x90\x53\x92\x6e\x82\xe6\x82\xa2\x94\xe6\x98\x4a
0x08c24c|有能有里栖のお手伝い|20|\x97\x4c\x94\x5c\x97\x4c\x97\xa2\x90\xb2\x82\xcc\x82\xa8\x8e\xe8\x93\x60\x82\xa2
0x08c27c|詩名とちよ子の関係|18|\x8e\x8d\x96\xbc\x82\xc6\x82\xbf\x82\xe6\x8e\x71\x82\xcc\x8a\xd6\x8c\x57
0x08c2a8|恋愛請負も忘れずに|18|\x97\xf6\x88\xa4\x90\xbf\x95\x89\x82\xe0\x96\x59\x82\xea\x82\xb8\x82\xc9
0x08c2d4|チラシの手伝い|14|\x83\x60\x83\x89\x83\x56\x82\xcc\x8e\xe8\x93\x60\x82\xa2
0x08c2fc|遊撃一登の選択|14|\x97\x56\x8c\x82\x88\xea\x93\x6f\x82\xcc\x91\x49\x91\xf0
0x08c324|SSR史上最大作戦|15|\x53\x53\x52\x8e\x6a\x8f\xe3\x8d\xc5\x91\xe5\x8d\xec\x90\xed
0x08c348|微笑みの爆弾|12|\x94\xf7\x8f\xce\x82\xdd\x82\xcc\x94\x9a\x92\x65
0x08c36c|どうなることやら|16|\x82\xc7\x82\xa4\x82\xc8\x82\xe9\x82\xb1\x82\xc6\x82\xe2\x82\xe7
0x08c394|言い出しっぺの法則|18|\x8c\xbe\x82\xa2\x8f\x6f\x82\xb5\x82\xc1\x82\xd8\x82\xcc\x96\x40\x91\xa5
0x08c3bc|ちょこっとの期待|16|\x82\xbf\x82\xe5\x82\xb1\x82\xc1\x82\xc6\x82\xcc\x8a\xfa\x91\xd2
0x08c3e4|ふとよぎる閃き|14|\x82\xd3\x82\xc6\x82\xe6\x82\xac\x82\xe9\x91\x4d\x82\xab
0x08c408|明日も一歩|10|\x96\xbe\x93\xfa\x82\xe0\x88\xea\x95\xe0
0x08c428|有里栖の相談|12|\x97\x4c\x97\xa2\x90\xb2\x82\xcc\x91\x8a\x92\x6b
0x08c44c|泉先生の宇宙人講義|18|\x90\xf2\x90\xe6\x90\xb6\x82\xcc\x89\x46\x92\x88\x90\x6c\x8d\x75\x8b\x60
0x08c474|乙女ゲームな乙女たち|20|\x89\xb3\x8f\x97\x83\x51\x81\x5b\x83\x80\x82\xc8\x89\xb3\x8f\x97\x82\xbd\x82\xbf
0x08c4a0|変わった猫と|12|\x95\xcf\x82\xed\x82\xc1\x82\xbd\x94\x4c\x82\xc6
0x08c4c4|彼女の遠慮|10|\x94\xde\x8f\x97\x82\xcc\x89\x93\x97\xb6
0x08c4e4|アイドルの苦悩|14|\x83\x41\x83\x43\x83\x68\x83\x8b\x82\xcc\x8b\xea\x94\x59
0x08c508|人気者アリス|12|\x90\x6c\x8b\x43\x8e\xd2\x83\x41\x83\x8a\x83\x58
0x08c52c|楽しくなる予感|14|\x8a\x79\x82\xb5\x82\xad\x82\xc8\x82\xe9\x97\x5c\x8a\xb4
0x08c550|SSRバレンタイン対策|19|\x53\x53\x52\x83\x6f\x83\x8c\x83\x93\x83\x5e\x83\x43\x83\x93\x91\xce\x8d\xf4
0x08c578|転校生|6|\x93\x5d\x8d\x5a\x90\xb6
0x08c594|お馴染みの面々|14|\x82\xa8\x93\xe9\x90\xf5\x82\xdd\x82\xcc\x96\xca\x81\x58
0x08c5b8|お決まりの朝|12|\x82\xa8\x8c\x88\x82\xdc\x82\xe8\x82\xcc\x92\xa9
0x08c5dc|これはただの夢？|16|\x82\xb1\x82\xea\x82\xcd\x82\xbd\x82\xbe\x82\xcc\x96\xb2\x81\x48
0x08c604|無限へと漸近する過ち|20|\x96\xb3\x8c\xc0\x82\xd6\x82\xc6\x91\x51\x8b\xdf\x82\xb7\x82\xe9\x89\xdf\x82\xbf
0x08c630|SSR始動|7|\x53\x53\x52\x8e\x6e\x93\xae
0x08c64c|それぞれの感想|14|\x82\xbb\x82\xea\x82\xbc\x82\xea\x82\xcc\x8a\xb4\x91\x7a
0x08c670|杉並と迷宮|10|\x90\x99\x95\xc0\x82\xc6\x96\xc0\x8b\x7b
0x08c694|有里栖と自由落下|16|\x97\x4c\x97\xa2\x90\xb2\x82\xc6\x8e\xa9\x97\x52\x97\x8e\x89\xba
0x08c6c0|ひよりと耐久勝負|16|\x82\xd0\x82\xe6\x82\xe8\x82\xc6\x91\xcf\x8b\x76\x8f\x9f\x95\x89
0x08c6ec|諳子とお城|10|\xe6\x7d\x8e\x71\x82\xc6\x82\xa8\x8f\xe9
0x08c710|二乃とショッピング|18|\x93\xf1\x94\x54\x82\xc6\x83\x56\x83\x87\x83\x62\x83\x73\x83\x93\x83\x4f
0x08c73c|どうしようかな|14|\x82\xc7\x82\xa4\x82\xb5\x82\xe6\x82\xa4\x82\xa9\x82\xc8
0x08c764|いざワンダーランド|18|\x82\xa2\x82\xb4\x83\x8f\x83\x93\x83\x5f\x81\x5b\x83\x89\x83\x93\x83\x68
0x08c78c|突然の雷鳴！？|14|\x93\xcb\x91\x52\x82\xcc\x97\x8b\x96\xc2\x81\x49\x81\x48
0x08c7b0|有里栖からのお誘い|18|\x97\x4c\x97\xa2\x90\xb2\x82\xa9\x82\xe7\x82\xcc\x82\xa8\x97\x55\x82\xa2
0x08c7d8|ジジイと満月|12|\x83\x57\x83\x57\x83\x43\x82\xc6\x96\x9e\x8c\x8e
0x08c7fc|反省会という名の|16|\x94\xbd\x8f\xc8\x89\xef\x82\xc6\x82\xa2\x82\xa4\x96\xbc\x82\xcc
0x08c824|泉先生の雑学講義|16|\x90\xf2\x90\xe6\x90\xb6\x82\xcc\x8e\x47\x8a\x77\x8d\x75\x8b\x60
0x08c84c|らしくないやる気|16|\x82\xe7\x82\xb5\x82\xad\x82\xc8\x82\xa2\x82\xe2\x82\xe9\x8b\x43
0x08c874|充実した夕食|12|\x8f\x5b\x8e\xc0\x82\xb5\x82\xbd\x97\x5b\x90\x48
0x08c898|役割分担という式|16|\x96\xf0\x8a\x84\x95\xaa\x92\x53\x82\xc6\x82\xa2\x82\xa4\x8e\xae
0x08c8c0|青春の１ページ|14|\x90\xc2\x8f\x74\x82\xcc\x82\x50\x83\x79\x81\x5b\x83\x57
0x08c8e4|活動開始！|10|\x8a\x88\x93\xae\x8a\x4a\x8e\x6e\x81\x49
0x08c904|屋上集合|8|\x89\xae\x8f\xe3\x8f\x57\x8d\x87
0x08c924|集まった仲間たち|16|\x8f\x57\x82\xdc\x82\xc1\x82\xbd\x92\x87\x8a\xd4\x82\xbd\x82\xbf
0x08c94c|二乃の条件|10|\x93\xf1\x94\x54\x82\xcc\x8f\xf0\x8c\x8f
0x08c96c|助けてあげたい|14|\x8f\x95\x82\xaf\x82\xc4\x82\xa0\x82\xb0\x82\xbd\x82\xa2
0x08c990|楽しいランチタイム|18|\x8a\x79\x82\xb5\x82\xa2\x83\x89\x83\x93\x83\x60\x83\x5e\x83\x43\x83\x80
0x08c9b8|月曜の朝も清々しく|18|\x8c\x8e\x97\x6a\x82\xcc\x92\xa9\x82\xe0\x90\xb4\x81\x58\x82\xb5\x82\xad
0x08c9e0|白河と美嶋|10|\x94\x92\x89\xcd\x82\xc6\x94\xfc\x93\x88
0x08ca00|杉並から入電！|14|\x90\x99\x95\xc0\x82\xa9\x82\xe7\x93\xfc\x93\x64\x81\x49
0x08ca24|休日のルーチン|14|\x8b\x78\x93\xfa\x82\xcc\x83\x8b\x81\x5b\x83\x60\x83\x93
0x08ca48|WLがオープンしたら？|20|\x57\x4c\x82\xaa\x83\x49\x81\x5b\x83\x76\x83\x93\x82\xb5\x82\xbd\x82\xe7\x81\x48
0x08ca74|日常的学園生活|14|\x93\xfa\x8f\xed\x93\x49\x8a\x77\x89\x80\x90\xb6\x8a\x88
0x08ca98|いつもの朝|10|\x82\xa2\x82\xc2\x82\xe0\x82\xcc\x92\xa9
0x08cab8|あの人の夢|10|\x82\xa0\x82\xcc\x90\x6c\x82\xcc\x96\xb2
0x08cad8|我が家の日常|12|\x89\xe4\x82\xaa\x89\xc6\x82\xcc\x93\xfa\x8f\xed
0x08cafc|黄昏のうたたね|14|\x89\xa9\x8d\xa8\x82\xcc\x82\xa4\x82\xbd\x82\xbd\x82\xcb
0x08cb20|いつかの夢|10|\x82\xa2\x82\xc2\x82\xa9\x82\xcc\x96\xb2
0x08cb40|楽しさの拡散|12|\x8a\x79\x82\xb5\x82\xb3\x82\xcc\x8a\x67\x8e\x55
0x08cb64|恋に恋する女の子|16|\x97\xf6\x82\xc9\x97\xf6\x82\xb7\x82\xe9\x8f\x97\x82\xcc\x8e\x71
0x08cb8c|作為的な運命？|14|\x8d\xec\x88\xd7\x93\x49\x82\xc8\x89\x5e\x96\xbd\x81\x48
0x08cbb0|お部屋デートで|14|\x82\xa8\x95\x94\x89\xae\x83\x66\x81\x5b\x83\x67\x82\xc5
0x08cbd4|一番近くにいたい|16|\x88\xea\x94\xd4\x8b\xdf\x82\xad\x82\xc9\x82\xa2\x82\xbd\x82\xa2
0x08cbfc|自分らしくいられるよう|22|\x8e\xa9\x95\xaa\x82\xe7\x82\xb5\x82\xad\x82\xa2\x82\xe7\x82\xea\x82\xe9\x82\xe6\x82\xa4
0x08cc28|デートみたいなもの|18|\x83\x66\x81\x5b\x83\x67\x82\xdd\x82\xbd\x82\xa2\x82\xc8\x82\xe0\x82\xcc
0x08cc50|模索するＣＨＯＣＯ|18|\x96\xcd\x8d\xf5\x82\xb7\x82\xe9\x82\x62\x82\x67\x82\x6e\x82\x62\x82\x6e
0x08cc78|詩名は敏腕マネ？|16|\x8e\x8d\x96\xbc\x82\xcd\x95\x71\x98\x72\x83\x7d\x83\x6c\x81\x48
0x08cca0|壁スカート防衛作戦|18|\x95\xc7\x83\x58\x83\x4a\x81\x5b\x83\x67\x96\x68\x89\x71\x8d\xec\x90\xed
0x08ccc8|とっきー先生の授業|18|\x82\xc6\x82\xc1\x82\xab\x81\x5b\x90\xe6\x90\xb6\x82\xcc\x8e\xf6\x8b\xc6
0x08ccf0|結果ちよ子とふたりで|20|\x8c\x8b\x89\xca\x82\xbf\x82\xe6\x8e\x71\x82\xc6\x82\xd3\x82\xbd\x82\xe8\x82\xc5
0x08cd1c|凹んでいるちよ子|16|\x89\x9a\x82\xf1\x82\xc5\x82\xa2\x82\xe9\x82\xbf\x82\xe6\x8e\x71
0x08cd44|ＣＨＯＣＯの変化|16|\x82\x62\x82\x67\x82\x6e\x82\x62\x82\x6e\x82\xcc\x95\xcf\x89\xbb
0x08cd6c|ＫｏｔｏＲｉさんのお言葉|24|\x82\x6a\x82\x8f\x82\x94\x82\x8f\x82\x71\x82\x89\x82\xb3\x82\xf1\x82\xcc\x82\xa8\x8c\xbe\x97\x74
0x08cd9c|ＫｏｔｏＲＩさんトーク|22|\x82\x6a\x82\x8f\x82\x94\x82\x8f\x82\x71\x82\x68\x82\xb3\x82\xf1\x83\x67\x81\x5b\x83\x4e
0x08cdc8|ＣＨＯＣＯとしての矜持|22|\x82\x62\x82\x67\x82\x6e\x82\x62\x82\x6e\x82\xc6\x82\xb5\x82\xc4\x82\xcc\xe1\xe0\x8e\x9d
0x08cdf4|ちょこの呼び出し|16|\x82\xbf\x82\xe5\x82\xb1\x82\xcc\x8c\xc4\x82\xd1\x8f\x6f\x82\xb5
0x08ce1c|ふたりの距離|12|\x82\xd3\x82\xbd\x82\xe8\x82\xcc\x8b\x97\x97\xa3
0x08ce40|やり直しと返答と|16|\x82\xe2\x82\xe8\x92\xbc\x82\xb5\x82\xc6\x95\xd4\x93\x9a\x82\xc6
0x08ce68|もう心配いらない|16|\x82\xe0\x82\xa4\x90\x53\x94\x7a\x82\xa2\x82\xe7\x82\xc8\x82\xa2
0x08ce90|新たな形|8|\x90\x56\x82\xbd\x82\xc8\x8c\x60
0x08ceb0|少し考えさせて|14|\x8f\xad\x82\xb5\x8d\x6c\x82\xa6\x82\xb3\x82\xb9\x82\xc4
0x08ced4|つながっている？|16|\x82\xc2\x82\xc8\x82\xaa\x82\xc1\x82\xc4\x82\xa2\x82\xe9\x81\x48
0x08cefc|高いところを覗く方法|20|\x8d\x82\x82\xa2\x82\xc6\x82\xb1\x82\xeb\x82\xf0\x94\x60\x82\xad\x95\xfb\x96\x40
0x08cf28|先行するひより|14|\x90\xe6\x8d\x73\x82\xb7\x82\xe9\x82\xd0\x82\xe6\x82\xe8
0x08cf4c|打ち上げと臨時手伝い|20|\x91\xc5\x82\xbf\x8f\xe3\x82\xb0\x82\xc6\x97\xd5\x8e\x9e\x8e\xe8\x93\x60\x82\xa2
0x08cf78|やりがいのある仕事|18|\x82\xe2\x82\xe8\x82\xaa\x82\xa2\x82\xcc\x82\xa0\x82\xe9\x8e\x64\x8e\x96
0x08cfa0|バイトヘルプの依頼|18|\x83\x6f\x83\x43\x83\x67\x83\x77\x83\x8b\x83\x76\x82\xcc\x88\xcb\x97\x8a
0x08cfc8|依頼募集スレッド|16|\x88\xcb\x97\x8a\x95\xe5\x8f\x57\x83\x58\x83\x8c\x83\x62\x83\x68
0x08cff0|ＳＳＲ臨時招集|14|\x82\x72\x82\x72\x82\x71\x97\xd5\x8e\x9e\x8f\xb5\x8f\x57
0x08d014|未羽と白河の秘密|16|\x96\xa2\x89\x48\x82\xc6\x94\x92\x89\xcd\x82\xcc\x94\xe9\x96\xa7
0x08d03c|哀しい夢|8|\x88\xa3\x82\xb5\x82\xa2\x96\xb2
0x08d05c|白河の不調|10|\x94\x92\x89\xcd\x82\xcc\x95\x73\x92\xb2
0x08d07c|保留にさせてください|20|\x95\xdb\x97\xaf\x82\xc9\x82\xb3\x82\xb9\x82\xc4\x82\xad\x82\xbe\x82\xb3\x82\xa2
0x08d0a8|伝わる気持ち|12|\x93\x60\x82\xed\x82\xe9\x8b\x43\x8e\x9d\x82\xbf
0x08d0cc|朔の夜の別れ|12|\x8d\xf1\x82\xcc\x96\xe9\x82\xcc\x95\xca\x82\xea
0x08d0f0|知らないけど知ってる|20|\x92\x6d\x82\xe7\x82\xc8\x82\xa2\x82\xaf\x82\xc7\x92\x6d\x82\xc1\x82\xc4\x82\xe9
0x08d11c|手から伝わる温もり|18|\x8e\xe8\x82\xa9\x82\xe7\x93\x60\x82\xed\x82\xe9\x89\xb7\x82\xe0\x82\xe8
0x08d144|何度目かの団欒|14|\x89\xbd\x93\x78\x96\xda\x82\xa9\x82\xcc\x92\x63\x9f\x52
0x08d168|乗り越えなくていい|18|\x8f\xe6\x82\xe8\x89\x7a\x82\xa6\x82\xc8\x82\xad\x82\xc4\x82\xa2\x82\xa2
0x08d190|為になるダラダラ|16|\x88\xd7\x82\xc9\x82\xc8\x82\xe9\x83\x5f\x83\x89\x83\x5f\x83\x89
0x08d1b8|未来の奥さん|12|\x96\xa2\x97\x88\x82\xcc\x89\x9c\x82\xb3\x82\xf1
0x08d1dc|別れのリサイタル|16|\x95\xca\x82\xea\x82\xcc\x83\x8a\x83\x54\x83\x43\x83\x5e\x83\x8b
0x08d204|青春っぽい時間|14|\x90\xc2\x8f\x74\x82\xc1\x82\xdb\x82\xa2\x8e\x9e\x8a\xd4
0x08d228|あと2週間の|11|\x82\xa0\x82\xc6\x32\x8f\x54\x8a\xd4\x82\xcc
0x08d248|満月の夜の邂逅|14|\x96\x9e\x8c\x8e\x82\xcc\x96\xe9\x82\xcc\xe7\xae\xe7\x90
0x08d26c|カガミの魔法|12|\x83\x4a\x83\x4b\x83\x7e\x82\xcc\x96\x82\x96\x40
0x08d290|ちょこからのヒント|18|\x82\xbf\x82\xe5\x82\xb1\x82\xa9\x82\xe7\x82\xcc\x83\x71\x83\x93\x83\x67
0x08d2b8|異世界からの迷い人|18|\x88\xd9\x90\xa2\x8a\x45\x82\xa9\x82\xe7\x82\xcc\x96\xc0\x82\xa2\x90\x6c
0x08d2e0|零と無限の交わる世界|20|\x97\xeb\x82\xc6\x96\xb3\x8c\xc0\x82\xcc\x8c\xf0\x82\xed\x82\xe9\x90\xa2\x8a\x45
0x08d30c|月間ヌー春の特別号|18|\x8c\x8e\x8a\xd4\x83\x6b\x81\x5b\x8f\x74\x82\xcc\x93\xc1\x95\xca\x8d\x86
0x08d334|夢の中の景色と|14|\x96\xb2\x82\xcc\x92\x86\x82\xcc\x8c\x69\x90\x46\x82\xc6
0x08d358|詩名のために|12|\x8e\x8d\x96\xbc\x82\xcc\x82\xbd\x82\xdf\x82\xc9
0x08d37c|半分は優しさで|14|\x94\xbc\x95\xaa\x82\xcd\x97\x44\x82\xb5\x82\xb3\x82\xc5
0x08d3a0|これ以上付き合えない|20|\x82\xb1\x82\xea\x88\xc8\x8f\xe3\x95\x74\x82\xab\x8d\x87\x82\xa6\x82\xc8\x82\xa2
0x08d3cc|雷を待ちながら|14|\x97\x8b\x82\xf0\x91\xd2\x82\xbf\x82\xc8\x82\xaa\x82\xe7
0x08d3f0|隠していたこと|14|\x89\x42\x82\xb5\x82\xc4\x82\xa2\x82\xbd\x82\xb1\x82\xc6
0x08d414|おうちにかえりたい|18|\x82\xa8\x82\xa4\x82\xbf\x82\xc9\x82\xa9\x82\xa6\x82\xe8\x82\xbd\x82\xa2
0x08d43c|特別な気持ち|12|\x93\xc1\x95\xca\x82\xc8\x8b\x43\x8e\x9d\x82\xbf
0x08d460|ラブの匂い？|12|\x83\x89\x83\x75\x82\xcc\x93\xf5\x82\xa2\x81\x48
0x08d484|まだまだ知らないこと|20|\x82\xdc\x82\xbe\x82\xdc\x82\xbe\x92\x6d\x82\xe7\x82\xc8\x82\xa2\x82\xb1\x82\xc6
0x08d4b0|そんなことでありがとう|22|\x82\xbb\x82\xf1\x82\xc8\x82\xb1\x82\xc6\x82\xc5\x82\xa0\x82\xe8\x82\xaa\x82\xc6\x82\xa4
0x08d4dc|とても面倒くさい|16|\x82\xc6\x82\xc4\x82\xe0\x96\xca\x93\x7c\x82\xad\x82\xb3\x82\xa2
0x08d504|団欒大好き人間|14|\x92\x63\x9f\x52\x91\xe5\x8d\x44\x82\xab\x90\x6c\x8a\xd4
0x08d528|家族でおもてなし|16|\x89\xc6\x91\xb0\x82\xc5\x82\xa8\x82\xe0\x82\xc4\x82\xc8\x82\xb5
0x08d550|杉並の好敵手|12|\x90\x99\x95\xc0\x82\xcc\x8d\x44\x93\x47\x8e\xe8
0x08d574|スパでのお仕事|14|\x83\x58\x83\x70\x82\xc5\x82\xcc\x82\xa8\x8e\x64\x8e\x96
0x08d598|偶然のゲット|12|\x8b\xf4\x91\x52\x82\xcc\x83\x51\x83\x62\x83\x67
0x08d5bc|苦学生？な詩名|14|\x8b\xea\x8a\x77\x90\xb6\x81\x48\x82\xc8\x8e\x8d\x96\xbc
0x08d5e0|見た目で判断しないで|20|\x8c\xa9\x82\xbd\x96\xda\x82\xc5\x94\xbb\x92\x66\x82\xb5\x82\xc8\x82\xa2\x82\xc5
0x08d60c|詩名の大好きな人|16|\x8e\x8d\x96\xbc\x82\xcc\x91\xe5\x8d\x44\x82\xab\x82\xc8\x90\x6c
0x08d634|詩名とちょこの出会い|20|\x8e\x8d\x96\xbc\x82\xc6\x82\xbf\x82\xe5\x82\xb1\x82\xcc\x8f\x6f\x89\xef\x82\xa2
0x08d660|懐かしい曲|10|\x89\xf9\x82\xa9\x82\xb5\x82\xa2\x8b\xc8
0x08d680|この先の未来へ|14|\x82\xb1\x82\xcc\x90\xe6\x82\xcc\x96\xa2\x97\x88\x82\xd6
0x08d6a4|特別な瞬間を|12|\x93\xc1\x95\xca\x82\xc8\x8f\x75\x8a\xd4\x82\xf0
0x08d6c8|付属卒業式|10|\x95\x74\x91\xae\x91\xb2\x8b\xc6\x8e\xae
0x08d6e8|明日はいよいよ|14|\x96\xbe\x93\xfa\x82\xcd\x82\xa2\x82\xe6\x82\xa2\x82\xe6
0x08d70c|スペシャル放送に向け|20|\x83\x58\x83\x79\x83\x56\x83\x83\x83\x8b\x95\xfa\x91\x97\x82\xc9\x8c\xfc\x82\xaf
0x08d738|ゲーム実況者ちよ子|18|\x83\x51\x81\x5b\x83\x80\x8e\xc0\x8b\xb5\x8e\xd2\x82\xbf\x82\xe6\x8e\x71
0x08d760|曲目決定|8|\x8b\xc8\x96\xda\x8c\x88\x92\xe8
0x08d780|卒業にはあの曲を|16|\x91\xb2\x8b\xc6\x82\xc9\x82\xcd\x82\xa0\x82\xcc\x8b\xc8\x82\xf0
0x08d7a8|打ち合わせという名の|20|\x91\xc5\x82\xbf\x8d\x87\x82\xed\x82\xb9\x82\xc6\x82\xa2\x82\xa4\x96\xbc\x82\xcc
0x08d7d4|あの日の思い出|14|\x82\xa0\x82\xcc\x93\xfa\x82\xcc\x8e\x76\x82\xa2\x8f\x6f
0x08d7f8|乱れのない心|12|\x97\x90\x82\xea\x82\xcc\x82\xc8\x82\xa2\x90\x53
0x08d81c|踏み出す一歩|12|\x93\xa5\x82\xdd\x8f\x6f\x82\xb7\x88\xea\x95\xe0
0x08d840|不思議な眼差し|14|\x95\x73\x8e\x76\x8b\x63\x82\xc8\x8a\xe1\x8d\xb7\x82\xb5
0x08d864|追求されたとしても|18|\x92\xc7\x8b\x81\x82\xb3\x82\xea\x82\xbd\x82\xc6\x82\xb5\x82\xc4\x82\xe0
0x08d88c|視線の主は|10|\x8e\x8b\x90\xfc\x82\xcc\x8e\xe5\x82\xcd
0x08d8ac|美しき旋律|10|\x94\xfc\x82\xb5\x82\xab\x90\xf9\x97\xa5
0x08d8cc|詩名からの提案|14|\x8e\x8d\x96\xbc\x82\xa9\x82\xe7\x82\xcc\x92\xf1\x88\xc4
0x08d8f0|止まる指先|10|\x8e\x7e\x82\xdc\x82\xe9\x8e\x77\x90\xe6
0x08d910|意外な邂逅|10|\x88\xd3\x8a\x4f\x82\xc8\xe7\xae\xe7\x90
0x08d930|今回の依頼は……|16|\x8d\xa1\x89\xf1\x82\xcc\x88\xcb\x97\x8a\x82\xcd\x81\x63\x81\x63
0x08d958|春は節目の季節|14|\x8f\x74\x82\xcd\x90\xdf\x96\xda\x82\xcc\x8b\x47\x90\xdf
0x08d97c|実家へＧＯ！|12|\x8e\xc0\x89\xc6\x82\xd6\x82\x66\x82\x6e\x81\x49
0x08d9a0|つけるべきケジメ|16|\x82\xc2\x82\xaf\x82\xe9\x82\xd7\x82\xab\x83\x50\x83\x57\x83\x81
0x08d9c8|フラグより見るべきもの|22|\x83\x74\x83\x89\x83\x4f\x82\xe6\x82\xe8\x8c\xa9\x82\xe9\x82\xd7\x82\xab\x82\xe0\x82\xcc
0x08d9f4|琴里の後押し|12|\x8b\xd5\x97\xa2\x82\xcc\x8c\xe3\x89\x9f\x82\xb5
0x08da18|俺にできることを|16|\x89\xb4\x82\xc9\x82\xc5\x82\xab\x82\xe9\x82\xb1\x82\xc6\x82\xf0
0x08da40|神様からの贈り物|16|\x90\x5f\x97\x6c\x82\xa9\x82\xe7\x82\xcc\x91\xa1\x82\xe8\x95\xa8
0x08da68|ひよりちゃんを助けて|20|\x82\xd0\x82\xe6\x82\xe8\x82\xbf\x82\xe1\x82\xf1\x82\xf0\x8f\x95\x82\xaf\x82\xc4
0x08da94|恋愛請負は廃業|14|\x97\xf6\x88\xa4\x90\xbf\x95\x89\x82\xcd\x94\x70\x8b\xc6
0x08dab8|ひよりを蝕むもの|16|\x82\xd0\x82\xe6\x82\xe8\x82\xf0\x90\x49\x82\xde\x82\xe0\x82\xcc
0x08dae0|ＳＳＲみんなでフォロー|22|\x82\x72\x82\x72\x82\x71\x82\xdd\x82\xf1\x82\xc8\x82\xc5\x83\x74\x83\x48\x83\x8d\x81\x5b
0x08db0c|先日のことは忘れて|18|\x90\xe6\x93\xfa\x82\xcc\x82\xb1\x82\xc6\x82\xcd\x96\x59\x82\xea\x82\xc4
0x08db34|妖精舞う月夜に|14|\x97\x64\x90\xb8\x95\x91\x82\xa4\x8c\x8e\x96\xe9\x82\xc9
0x08db58|破られた１００％記録|20|\x94\x6a\x82\xe7\x82\xea\x82\xbd\x82\x50\x82\x4f\x82\x4f\x81\x93\x8b\x4c\x98\x5e
0x08db84|ひよりの初恋|12|\x82\xd0\x82\xe6\x82\xe8\x82\xcc\x8f\x89\x97\xf6
0x08dba8|私が止めなくちゃ|16|\x8e\x84\x82\xaa\x8e\x7e\x82\xdf\x82\xc8\x82\xad\x82\xbf\x82\xe1
0x08dbd0|私には止められない|18|\x8e\x84\x82\xc9\x82\xcd\x8e\x7e\x82\xdf\x82\xe7\x82\xea\x82\xc8\x82\xa2
0x08dbf8|ひよりのため|12|\x82\xd0\x82\xe6\x82\xe8\x82\xcc\x82\xbd\x82\xdf
0x08dc1c|まだ、でも、もう少し|20|\x82\xdc\x82\xbe\x81\x41\x82\xc5\x82\xe0\x81\x41\x82\xe0\x82\xa4\x8f\xad\x82\xb5
0x08dc48|キャッチ・ザ・ひより|20|\x83\x4c\x83\x83\x83\x62\x83\x60\x81\x45\x83\x55\x81\x45\x82\xd0\x82\xe6\x82\xe8
0x08dc74|ひより、手こずる|16|\x82\xd0\x82\xe6\x82\xe8\x81\x41\x8e\xe8\x82\xb1\x82\xb8\x82\xe9
0x08dc9c|相手に寄り添ったこと|20|\x91\x8a\x8e\xe8\x82\xc9\x8a\xf1\x82\xe8\x93\x59\x82\xc1\x82\xbd\x82\xb1\x82\xc6
0x08dcc8|本校でもムササビ女子|20|\x96\x7b\x8d\x5a\x82\xc5\x82\xe0\x83\x80\x83\x54\x83\x54\x83\x72\x8f\x97\x8e\x71
0x08dcf4|翻弄するひより|14|\x96\x7c\x98\x4d\x82\xb7\x82\xe9\x82\xd0\x82\xe6\x82\xe8
0x08dd18|未羽のアピール・デイ|20|\x96\xa2\x89\x48\x82\xcc\x83\x41\x83\x73\x81\x5b\x83\x8b\x81\x45\x83\x66\x83\x43
0x08dd44|キミがわからない|16|\x83\x4c\x83\x7e\x82\xaa\x82\xed\x82\xa9\x82\xe7\x82\xc8\x82\xa2
0x08dd6c|他言無用な出会い|16|\x91\xbc\x8c\xbe\x96\xb3\x97\x70\x82\xc8\x8f\x6f\x89\xef\x82\xa2
0x08dd94|いざ小旅行へ出発|16|\x82\xa2\x82\xb4\x8f\xac\x97\xb7\x8d\x73\x82\xd6\x8f\x6f\x94\xad
0x08ddbc|友情と恋愛の線引き|18|\x97\x46\x8f\xee\x82\xc6\x97\xf6\x88\xa4\x82\xcc\x90\xfc\x88\xf8\x82\xab
0x08dde4|いよいよ明日|12|\x82\xa2\x82\xe6\x82\xa2\x82\xe6\x96\xbe\x93\xfa
0x08de08|ちょっとした優越感|18|\x82\xbf\x82\xe5\x82\xc1\x82\xc6\x82\xb5\x82\xbd\x97\x44\x89\x7a\x8a\xb4
0x08de30|ついてくるつもり？|18|\x82\xc2\x82\xa2\x82\xc4\x82\xad\x82\xe9\x82\xc2\x82\xe0\x82\xe8\x81\x48
0x08de58|決着はプールで！|16|\x8c\x88\x92\x85\x82\xcd\x83\x76\x81\x5b\x83\x8b\x82\xc5\x81\x49
0x08de80|サプライズな計画|16|\x83\x54\x83\x76\x83\x89\x83\x43\x83\x59\x82\xc8\x8c\x76\x89\xe6
0x08dea8|ひより天啓を得る|16|\x82\xd0\x82\xe6\x82\xe8\x93\x56\x8c\x5b\x82\xf0\x93\xbe\x82\xe9
0x08ded0|ひよりのいじりポイント|22|\x82\xd0\x82\xe6\x82\xe8\x82\xcc\x82\xa2\x82\xb6\x82\xe8\x83\x7c\x83\x43\x83\x93\x83\x67
0x08defc|一登の心が動く時は？|20|\x88\xea\x93\x6f\x82\xcc\x90\x53\x82\xaa\x93\xae\x82\xad\x8e\x9e\x82\xcd\x81\x48
0x08df28|オールインワンで勝負|20|\x83\x49\x81\x5b\x83\x8b\x83\x43\x83\x93\x83\x8f\x83\x93\x82\xc5\x8f\x9f\x95\x89
0x08df54|ひよりからの事情聴取|20|\x82\xd0\x82\xe6\x82\xe8\x82\xa9\x82\xe7\x82\xcc\x8e\x96\x8f\xee\x92\xae\x8e\xe6
0x08df80|後悔と迷いと|12|\x8c\xe3\x89\xf7\x82\xc6\x96\xc0\x82\xa2\x82\xc6
0x08dfa4|突然の延長戦宣言！|18|\x93\xcb\x91\x52\x82\xcc\x89\x84\x92\xb7\x90\xed\x90\xe9\x8c\xbe\x81\x49
0x08dfcc|俺の答えは……|14|\x89\xb4\x82\xcc\x93\x9a\x82\xa6\x82\xcd\x81\x63\x81\x63
0x08dff0|俺はどちらと……|16|\x89\xb4\x82\xcd\x82\xc7\x82\xbf\x82\xe7\x82\xc6\x81\x63\x81\x63
0x08e018|卒業式のその後に|16|\x91\xb2\x8b\xc6\x8e\xae\x82\xcc\x82\xbb\x82\xcc\x8c\xe3\x82\xc9
0x08e040|第二ボタンと気持ち|18|\x91\xe6\x93\xf1\x83\x7b\x83\x5e\x83\x93\x82\xc6\x8b\x43\x8e\x9d\x82\xbf
0x08e068|トキメキデート計画|18|\x83\x67\x83\x4c\x83\x81\x83\x4c\x83\x66\x81\x5b\x83\x67\x8c\x76\x89\xe6
0x08e090|改めて勝負を|12|\x89\xfc\x82\xdf\x82\xc4\x8f\x9f\x95\x89\x82\xf0
0x08e0b4|探偵と風紀委員|14|\x92\x54\x92\xe3\x82\xc6\x95\x97\x8b\x49\x88\xcf\x88\xf5
0x08e0d8|未羽の相談ごと|14|\x96\xa2\x89\x48\x82\xcc\x91\x8a\x92\x6b\x82\xb2\x82\xc6
0x08e0fc|ひよりとお出かけ|16|\x82\xd0\x82\xe6\x82\xe8\x82\xc6\x82\xa8\x8f\x6f\x82\xa9\x82\xaf
0x08e124|ひよりの待ち伏せ|16|\x82\xd0\x82\xe6\x82\xe8\x82\xcc\x91\xd2\x82\xbf\x95\x9a\x82\xb9
0x08e14c|急ぎ咲かせし恋の花|18|\x8b\x7d\x82\xac\x8d\xe7\x82\xa9\x82\xb9\x82\xb5\x97\xf6\x82\xcc\x89\xd4
0x08e174|３人寄っての|12|\x82\x52\x90\x6c\x8a\xf1\x82\xc1\x82\xc4\x82\xcc
0x08e198|信頼と真摯|10|\x90\x4d\x97\x8a\x82\xc6\x90\x5e\x9d\x95
0x08e1b8|昼食を相席して|14|\x92\x8b\x90\x48\x82\xf0\x91\x8a\x90\xc8\x82\xb5\x82\xc4
0x08e1dc|ひよりからの依頼|16|\x82\xd0\x82\xe6\x82\xe8\x82\xa9\x82\xe7\x82\xcc\x88\xcb\x97\x8a
0x08e204|我悟りたる|10|\x89\xe4\x8c\xe5\x82\xe8\x82\xbd\x82\xe9
0x08e224|出合い頭アクシデント|20|\x8f\x6f\x8d\x87\x82\xa2\x93\xaa\x83\x41\x83\x4e\x83\x56\x83\x66\x83\x93\x83\x67
0x08e250|将来に思いを馳せて|18|\x8f\xab\x97\x88\x82\xc9\x8e\x76\x82\xa2\x82\xf0\x92\x79\x82\xb9\x82\xc4
0x08e278|別の因果の先の世界|18|\x95\xca\x82\xcc\x88\xf6\x89\xca\x82\xcc\x90\xe6\x82\xcc\x90\xa2\x8a\x45
0x08e2a0|逢見諳子という存在|18|\x88\xa7\x8c\xa9\xe6\x7d\x8e\x71\x82\xc6\x82\xa2\x82\xa4\x91\xb6\x8d\xdd
0x08e2c8|ごめんね|8|\x82\xb2\x82\xdf\x82\xf1\x82\xcb
0x08e2e8|もう一度キスを|14|\x82\xe0\x82\xa4\x88\xea\x93\x78\x83\x4c\x83\x58\x82\xf0
0x08e30c|しあわせな涙|12|\x82\xb5\x82\xa0\x82\xed\x82\xb9\x82\xc8\x97\xdc
0x08e330|嫌な予感と看病と|16|\x8c\x99\x82\xc8\x97\x5c\x8a\xb4\x82\xc6\x8a\xc5\x95\x61\x82\xc6
0x08e358|かくれんぼの才能|16|\x82\xa9\x82\xad\x82\xea\x82\xf1\x82\xda\x82\xcc\x8d\xcb\x94\x5c
0x08e380|みんなからの祝福|16|\x82\xdd\x82\xf1\x82\xc8\x82\xa9\x82\xe7\x82\xcc\x8f\x6a\x95\x9f
0x08e3a8|いつか見せてもらえたら|22|\x82\xa2\x82\xc2\x82\xa9\x8c\xa9\x82\xb9\x82\xc4\x82\xe0\x82\xe7\x82\xa6\x82\xbd\x82\xe7
0x08e3d4|ふたりの愛のメモリー|20|\x82\xd3\x82\xbd\x82\xe8\x82\xcc\x88\xa4\x82\xcc\x83\x81\x83\x82\x83\x8a\x81\x5b
0x08e400|二乃の疑問|10|\x93\xf1\x94\x54\x82\xcc\x8b\x5e\x96\xe2
0x08e420|弟ではなくて|12|\x92\xed\x82\xc5\x82\xcd\x82\xc8\x82\xad\x82\xc4
0x08e444|そら姉の笑顔を|14|\x82\xbb\x82\xe7\x8e\x6f\x82\xcc\x8f\xce\x8a\xe7\x82\xf0
0x08e468|一登の不調？|12|\x88\xea\x93\x6f\x82\xcc\x95\x73\x92\xb2\x81\x48
0x08e48c|ベルガマスクの三番目|20|\x83\x78\x83\x8b\x83\x4b\x83\x7d\x83\x58\x83\x4e\x82\xcc\x8e\x4f\x94\xd4\x96\xda
0x08e4b8|諳子と迷子|10|\xe6\x7d\x8e\x71\x82\xc6\x96\xc0\x8e\x71
0x08e4d8|バイトのお願い|14|\x83\x6f\x83\x43\x83\x67\x82\xcc\x82\xa8\x8a\xe8\x82\xa2
0x08e4fc|馴染んだウサ耳|14|\x93\xe9\x90\xf5\x82\xf1\x82\xbe\x83\x45\x83\x54\x8e\xa8
0x08e520|ウサミミファンクラブ|20|\x83\x45\x83\x54\x83\x7e\x83\x7e\x83\x74\x83\x40\x83\x93\x83\x4e\x83\x89\x83\x75
0x08e54c|諳子の家族の写真|16|\xe6\x7d\x8e\x71\x82\xcc\x89\xc6\x91\xb0\x82\xcc\x8e\xca\x90\x5e
0x08e574|良い旦那さんになれる|20|\x97\xc7\x82\xa2\x92\x55\x93\xdf\x82\xb3\x82\xf1\x82\xc9\x82\xc8\x82\xea\x82\xe9
0x08e5a0|心強い味方たち|14|\x90\x53\x8b\xad\x82\xa2\x96\xa1\x95\xfb\x82\xbd\x82\xbf
0x08e5c4|一登好みの味に|14|\x88\xea\x93\x6f\x8d\x44\x82\xdd\x82\xcc\x96\xa1\x82\xc9
0x08e5e8|原因究明の時間に|16|\x8c\xb4\x88\xf6\x8b\x86\x96\xbe\x82\xcc\x8e\x9e\x8a\xd4\x82\xc9
0x08e610|流石のSSR|9|\x97\xac\x90\xce\x82\xcc\x53\x53\x52
0x08e630|難なく突破で、いいの？|22|\x93\xef\x82\xc8\x82\xad\x93\xcb\x94\x6a\x82\xc5\x81\x41\x82\xa2\x82\xa2\x82\xcc\x81\x48
0x08e65c|自由な校風だから|16|\x8e\xa9\x97\x52\x82\xc8\x8d\x5a\x95\x97\x82\xbe\x82\xa9\x82\xe7
0x08e684|ジジイに負けたくない|20|\x83\x57\x83\x57\x83\x43\x82\xc9\x95\x89\x82\xaf\x82\xbd\x82\xad\x82\xc8\x82\xa2
0x08e6b0|わには苦手|10|\x82\xed\x82\xc9\x82\xcd\x8b\xea\x8e\xe8
0x08e6d0|最後は神頼み|12|\x8d\xc5\x8c\xe3\x82\xcd\x90\x5f\x97\x8a\x82\xdd
0x08e6f4|久しぶりの買い物で|18|\x8b\x76\x82\xb5\x82\xd4\x82\xe8\x82\xcc\x94\x83\x82\xa2\x95\xa8\x82\xc5
0x08e71c|カチューシャ擬態|16|\x83\x4a\x83\x60\x83\x85\x81\x5b\x83\x56\x83\x83\x8b\x5b\x91\xd4
0x08e744|ウサ耳対策会議|14|\x83\x45\x83\x54\x8e\xa8\x91\xce\x8d\xf4\x89\xef\x8b\x63
0x08e768|諳子の決意|10|\xe6\x7d\x8e\x71\x82\xcc\x8c\x88\x88\xd3
0x08e788|誰かの夢とジジイと|18|\x92\x4e\x82\xa9\x82\xcc\x96\xb2\x82\xc6\x83\x57\x83\x57\x83\x43\x82\xc6
0x08e7b0|落ち着いた両親|14|\x97\x8e\x82\xbf\x92\x85\x82\xa2\x82\xbd\x97\xbc\x90\x65
0x08e7d4|思いがけない異変|16|\x8e\x76\x82\xa2\x82\xaa\x82\xaf\x82\xc8\x82\xa2\x88\xd9\x95\xcf
0x08e7fc|二乃が居たらまずい？|20|\x93\xf1\x94\x54\x82\xaa\x8b\x8f\x82\xbd\x82\xe7\x82\xdc\x82\xb8\x82\xa2\x81\x48
0x08e828|ウサ耳流出阻止|14|\x83\x45\x83\x54\x8e\xa8\x97\xac\x8f\x6f\x91\x6a\x8e\x7e
0x08e84c|初恋のお姉さん？|16|\x8f\x89\x97\xf6\x82\xcc\x82\xa8\x8e\x6f\x82\xb3\x82\xf1\x81\x48
0x08e874|ウサ耳諳子|10|\x83\x45\x83\x54\x8e\xa8\xe6\x7d\x8e\x71
0x08e894|ヒントは少女漫画に|18|\x83\x71\x83\x93\x83\x67\x82\xcd\x8f\xad\x8f\x97\x96\x9f\x89\xe6\x82\xc9
0x08e8bc|千里の道も一歩から|18|\x90\xe7\x97\xa2\x82\xcc\x93\xb9\x82\xe0\x88\xea\x95\xe0\x82\xa9\x82\xe7
0x08e8e4|現状を打破するには|18|\x8c\xbb\x8f\xf3\x82\xf0\x91\xc5\x94\x6a\x82\xb7\x82\xe9\x82\xc9\x82\xcd
0x08e90c|まずは認めてみる|16|\x82\xdc\x82\xb8\x82\xcd\x94\x46\x82\xdf\x82\xc4\x82\xdd\x82\xe9
0x08e934|諳子のキスで……|16|\xe6\x7d\x8e\x71\x82\xcc\x83\x4c\x83\x58\x82\xc5\x81\x63\x81\x63
0x08e95c|未来への誓い|12|\x96\xa2\x97\x88\x82\xd6\x82\xcc\x90\xbe\x82\xa2
0x08e980|みらいの妹へ|12|\x82\xdd\x82\xe7\x82\xa2\x82\xcc\x96\x85\x82\xd6
0x08e9a4|二乃の中の真実|14|\x93\xf1\x94\x54\x82\xcc\x92\x86\x82\xcc\x90\x5e\x8e\xc0
0x08e9c8|全て私のせい|12|\x91\x53\x82\xc4\x8e\x84\x82\xcc\x82\xb9\x82\xa2
0x08e9ec|三美のお願い|12|\x8e\x4f\x94\xfc\x82\xcc\x82\xa8\x8a\xe8\x82\xa2
0x08ea10|ごめんなさい兄さん|18|\x82\xb2\x82\xdf\x82\xf1\x82\xc8\x82\xb3\x82\xa2\x8c\x5a\x82\xb3\x82\xf1
0x08ea38|明日の予定は？|14|\x96\xbe\x93\xfa\x82\xcc\x97\x5c\x92\xe8\x82\xcd\x81\x48
0x08ea5c|変えたきっかけ|14|\x95\xcf\x82\xa6\x82\xbd\x82\xab\x82\xc1\x82\xa9\x82\xaf
0x08ea80|たとえ恋人じゃなくても|22|\x82\xbd\x82\xc6\x82\xa6\x97\xf6\x90\x6c\x82\xb6\x82\xe1\x82\xc8\x82\xad\x82\xc4\x82\xe0
0x08eaac|妹の好物|8|\x96\x85\x82\xcc\x8d\x44\x95\xa8
0x08eacc|懐かしい呼び声|14|\x89\xf9\x82\xa9\x82\xb5\x82\xa2\x8c\xc4\x82\xd1\x90\xba
0x08eaf0|いつもの二乃|12|\x82\xa2\x82\xc2\x82\xe0\x82\xcc\x93\xf1\x94\x54
0x08eb14|三美のような妹に|16|\x8e\x4f\x94\xfc\x82\xcc\x82\xe6\x82\xa4\x82\xc8\x96\x85\x82\xc9
0x08eb3c|妹を演じる二乃|14|\x96\x85\x82\xf0\x89\x89\x82\xb6\x82\xe9\x93\xf1\x94\x54
0x08eb60|普通の妹に|10|\x95\x81\x92\xca\x82\xcc\x96\x85\x82\xc9
0x08eb80|三美から二乃へ|14|\x8e\x4f\x94\xfc\x82\xa9\x82\xe7\x93\xf1\x94\x54\x82\xd6
0x08eba4|近付くあの日|12|\x8b\xdf\x95\x74\x82\xad\x82\xa0\x82\xcc\x93\xfa
0x08ebc8|調子の悪そうな二乃|18|\x92\xb2\x8e\x71\x82\xcc\x88\xab\x82\xbb\x82\xa4\x82\xc8\x93\xf1\x94\x54
0x08ebf0|救い上げる声|12|\x8b\x7e\x82\xa2\x8f\xe3\x82\xb0\x82\xe9\x90\xba
0x08ec14|二乃のおかげで|14|\x93\xf1\x94\x54\x82\xcc\x82\xa8\x82\xa9\x82\xb0\x82\xc5
0x08ec38|水着ハプニング！|16|\x90\x85\x92\x85\x83\x6e\x83\x76\x83\x6a\x83\x93\x83\x4f\x81\x49
0x08ec60|ピアノ部屋と二乃|16|\x83\x73\x83\x41\x83\x6d\x95\x94\x89\xae\x82\xc6\x93\xf1\x94\x54
0x08ec88|愛ある仕返し|12|\x88\xa4\x82\xa0\x82\xe9\x8e\x64\x95\xd4\x82\xb5
0x08ecac|夢にまで見た姿で|16|\x96\xb2\x82\xc9\x82\xdc\x82\xc5\x8c\xa9\x82\xbd\x8e\x70\x82\xc5
0x08ecd4|夢で見た姿を|12|\x96\xb2\x82\xc5\x8c\xa9\x82\xbd\x8e\x70\x82\xf0
0x08ecf8|メンバーも待っていた|20|\x83\x81\x83\x93\x83\x6f\x81\x5b\x82\xe0\x91\xd2\x82\xc1\x82\xc4\x82\xa2\x82\xbd
0x08ed24|これが惚れた弱み|16|\x82\xb1\x82\xea\x82\xaa\x8d\x9b\x82\xea\x82\xbd\x8e\xe3\x82\xdd
0x08ed4c|待っていたそら姉|16|\x91\xd2\x82\xc1\x82\xc4\x82\xa2\x82\xbd\x82\xbb\x82\xe7\x8e\x6f
0x08ed74|家族と娘の恋人として|20|\x89\xc6\x91\xb0\x82\xc6\x96\xba\x82\xcc\x97\xf6\x90\x6c\x82\xc6\x82\xb5\x82\xc4
0x08eda0|伝えないといけないこと|22|\x93\x60\x82\xa6\x82\xc8\x82\xa2\x82\xc6\x82\xa2\x82\xaf\x82\xc8\x82\xa2\x82\xb1\x82\xc6
0x08edcc|１００点の答え|14|\x82\x50\x82\x4f\x82\x4f\x93\x5f\x82\xcc\x93\x9a\x82\xa6
0x08edf0|妹としての距離感|16|\x96\x85\x82\xc6\x82\xb5\x82\xc4\x82\xcc\x8b\x97\x97\xa3\x8a\xb4
0x08ee18|衆人環視であーん|16|\x8f\x4f\x90\x6c\x8a\xc2\x8e\x8b\x82\xc5\x82\xa0\x81\x5b\x82\xf1
0x08ee40|悲しい夢と、重なる今と|22|\x94\xdf\x82\xb5\x82\xa2\x96\xb2\x82\xc6\x81\x41\x8f\x64\x82\xc8\x82\xe9\x8d\xa1\x82\xc6
0x08ee6c|気持ちは本物|12|\x8b\x43\x8e\x9d\x82\xbf\x82\xcd\x96\x7b\x95\xa8
0x08ee90|苦手なものコンボ|16|\x8b\xea\x8e\xe8\x82\xc8\x82\xe0\x82\xcc\x83\x52\x83\x93\x83\x7b
0x08eecc|期待と不安せめぎ合う|20|\x8a\xfa\x91\xd2\x82\xc6\x95\x73\x88\xc0\x82\xb9\x82\xdf\x82\xac\x8d\x87\x82\xa4
0x08eef8|妹ですから普通です|18|\x96\x85\x82\xc5\x82\xb7\x82\xa9\x82\xe7\x95\x81\x92\xca\x82\xc5\x82\xb7
0x08ef20|二乃心は難しい|14|\x93\xf1\x94\x54\x90\x53\x82\xcd\x93\xef\x82\xb5\x82\xa2
0x08ef44|機嫌を損ねた二乃？|18|\x8b\x40\x8c\x99\x82\xf0\x91\xb9\x82\xcb\x82\xbd\x93\xf1\x94\x54\x81\x48
0x08ef6c|表面上はいつもの朝|18|\x95\x5c\x96\xca\x8f\xe3\x82\xcd\x82\xa2\x82\xc2\x82\xe0\x82\xcc\x92\xa9
0x08ef94|そら姉はお見通し|16|\x82\xbb\x82\xe7\x8e\x6f\x82\xcd\x82\xa8\x8c\xa9\x92\xca\x82\xb5
0x08efbc|有里栖のおせっかい|18|\x97\x4c\x97\xa2\x90\xb2\x82\xcc\x82\xa8\x82\xb9\x82\xc1\x82\xa9\x82\xa2
0x08efe4|友人と気分転換|14|\x97\x46\x90\x6c\x82\xc6\x8b\x43\x95\xaa\x93\x5d\x8a\xb7
0x08f008|二乃を見習って|14|\x93\xf1\x94\x54\x82\xf0\x8c\xa9\x8f\x4b\x82\xc1\x82\xc4
0x08f02c|幼き日の二乃と|14|\x97\x63\x82\xab\x93\xfa\x82\xcc\x93\xf1\x94\x54\x82\xc6
0x08f050|妹だから|8|\x96\x85\x82\xbe\x82\xa9\x82\xe7
0x08f070|バイトを楽しんで|16|\x83\x6f\x83\x43\x83\x67\x82\xf0\x8a\x79\x82\xb5\x82\xf1\x82\xc5
0x08f098|二乃とふたりで調査|18|\x93\xf1\x94\x54\x82\xc6\x82\xd3\x82\xbd\x82\xe8\x82\xc5\x92\xb2\x8d\xb8
0x08f0c0|３人でバイトのお誘い|20|\x82\x52\x90\x6c\x82\xc5\x83\x6f\x83\x43\x83\x67\x82\xcc\x82\xa8\x97\x55\x82\xa2
0x08f0ec|零次さんの気遣い|16|\x97\xeb\x8e\x9f\x82\xb3\x82\xf1\x82\xcc\x8b\x43\x8c\xad\x82\xa2
0x08f114|二乃の料理チャレンジ|20|\x93\xf1\x94\x54\x82\xcc\x97\xbf\x97\x9d\x83\x60\x83\x83\x83\x8c\x83\x93\x83\x57
0x08f140|傍にいれくれる二乃|18|\x96\x54\x82\xc9\x82\xa2\x82\xea\x82\xad\x82\xea\x82\xe9\x93\xf1\x94\x54
0x08f168|期待してもいい？|16|\x8a\xfa\x91\xd2\x82\xb5\x82\xc4\x82\xe0\x82\xa2\x82\xa2\x81\x48
0x08f190|二乃ちゃんに決めた？|20|\x93\xf1\x94\x54\x82\xbf\x82\xe1\x82\xf1\x82\xc9\x8c\x88\x82\xdf\x82\xbd\x81\x48
0x08f1bc|そら姉の意見|12|\x82\xbb\x82\xe7\x8e\x6f\x82\xcc\x88\xd3\x8c\xa9
0x08f1e0|ぎこちないふたり|16|\x82\xac\x82\xb1\x82\xbf\x82\xc8\x82\xa2\x82\xd3\x82\xbd\x82\xe8
0x08f208|二乃のキスで……|16|\x93\xf1\x94\x54\x82\xcc\x83\x4c\x83\x58\x82\xc5\x81\x63\x81\x63
0x08f230|恋人か、家族か|14|\x97\xf6\x90\x6c\x82\xa9\x81\x41\x89\xc6\x91\xb0\x82\xa9
0x08f254|これからもよろしく|18|\x82\xb1\x82\xea\x82\xa9\x82\xe7\x82\xe0\x82\xe6\x82\xeb\x82\xb5\x82\xad
0x08f27c|杉並らしい卒業式|16|\x90\x99\x95\xc0\x82\xe7\x82\xb5\x82\xa2\x91\xb2\x8b\xc6\x8e\xae
0x08f2a4|サプライズも忘れずに|20|\x83\x54\x83\x76\x83\x89\x83\x43\x83\x59\x82\xe0\x96\x59\x82\xea\x82\xb8\x82\xc9
0x08f2d0|プレゼントはフリーパス|22|\x83\x76\x83\x8c\x83\x5b\x83\x93\x83\x67\x82\xcd\x83\x74\x83\x8a\x81\x5b\x83\x70\x83\x58
0x08f2fc|何気なく笑える放課後|20|\x89\xbd\x8b\x43\x82\xc8\x82\xad\x8f\xce\x82\xa6\x82\xe9\x95\xfa\x89\xdb\x8c\xe3
0x08f328|自然な３人|10|\x8e\xa9\x91\x52\x82\xc8\x82\x52\x90\x6c
0x08f348|今日は美味しいお弁当|20|\x8d\xa1\x93\xfa\x82\xcd\x94\xfc\x96\xa1\x82\xb5\x82\xa2\x82\xa8\x95\xd9\x93\x96
0x08f374|しっくりくる３人|16|\x82\xb5\x82\xc1\x82\xad\x82\xe8\x82\xad\x82\xe9\x82\x52\x90\x6c
0x08f39c|そら姉のドッキリ|16|\x82\xbb\x82\xe7\x8e\x6f\x82\xcc\x83\x68\x83\x62\x83\x4c\x83\x8a
0x08f3c4|二乃の特製お弁当|16|\x93\xf1\x94\x54\x82\xcc\x93\xc1\x90\xbb\x82\xa8\x95\xd9\x93\x96
0x08f3ec|ご機嫌なそら姉|14|\x82\xb2\x8b\x40\x8c\x99\x82\xc8\x82\xbb\x82\xe7\x8e\x6f
0x08f410|バイト代の使い道|16|\x83\x6f\x83\x43\x83\x67\x91\xe3\x82\xcc\x8e\x67\x82\xa2\x93\xb9
0x08f438|そら姉のコスプレ？|18|\x82\xbb\x82\xe7\x8e\x6f\x82\xcc\x83\x52\x83\x58\x83\x76\x83\x8c\x81\x48
0x08f460|両親と帰宅して|14|\x97\xbc\x90\x65\x82\xc6\x8b\x41\x91\xee\x82\xb5\x82\xc4
0x08f484|ふたりとの約束|14|\x82\xd3\x82\xbd\x82\xe8\x82\xc6\x82\xcc\x96\xf1\x91\xa9
0x08f4a8|ふたりにも話をして|18|\x82\xd3\x82\xbd\x82\xe8\x82\xc9\x82\xe0\x98\x62\x82\xf0\x82\xb5\x82\xc4
0x08f4d0|バイト代とプレゼント|20|\x83\x6f\x83\x43\x83\x67\x91\xe3\x82\xc6\x83\x76\x83\x8c\x83\x5b\x83\x93\x83\x67
0x08f4fc|そら姉も反対らしい|18|\x82\xbb\x82\xe7\x8e\x6f\x82\xe0\x94\xbd\x91\xce\x82\xe7\x82\xb5\x82\xa2
0x08f524|二乃は反対らしい|16|\x93\xf1\x94\x54\x82\xcd\x94\xbd\x91\xce\x82\xe7\x82\xb5\x82\xa2
0x08f54c|もう一度バイトしない？|22|\x82\xe0\x82\xa4\x88\xea\x93\x78\x83\x6f\x83\x43\x83\x67\x82\xb5\x82\xc8\x82\xa2\x81\x48
0x08f578|雨の朝は憂鬱？|14|\x89\x4a\x82\xcc\x92\xa9\x82\xcd\x97\x4a\x9f\x54\x81\x48
0x08f59c|買い物と有里栖と|16|\x94\x83\x82\xa2\x95\xa8\x82\xc6\x97\x4c\x97\xa2\x90\xb2\x82\xc6
0x08f5c4|久々の親子の団らん|18|\x8b\x76\x81\x58\x82\xcc\x90\x65\x8e\x71\x82\xcc\x92\x63\x82\xe7\x82\xf1
0x08f5ec|楽しくも忙しい準備|18|\x8a\x79\x82\xb5\x82\xad\x82\xe0\x96\x5a\x82\xb5\x82\xa2\x8f\x80\x94\xf5
0x08f614|帰ってくる両親|14|\x8b\x41\x82\xc1\x82\xc4\x82\xad\x82\xe9\x97\xbc\x90\x65
0x08f638|本校に進学したら|16|\x96\x7b\x8d\x5a\x82\xc9\x90\x69\x8a\x77\x82\xb5\x82\xbd\x82\xe7
0x08f660|友達の進路は？|14|\x97\x46\x92\x42\x82\xcc\x90\x69\x98\x48\x82\xcd\x81\x48
0x08f684|朝のお約束？|12|\x92\xa9\x82\xcc\x82\xa8\x96\xf1\x91\xa9\x81\x48
0x08f6a8|さようなら、ありがとう|22|\x82\xb3\x82\xe6\x82\xa4\x82\xc8\x82\xe7\x81\x41\x82\xa0\x82\xe8\x82\xaa\x82\xc6\x82\xa4
0x08f6d4|世界を変える恋|14|\x90\xa2\x8a\x45\x82\xf0\x95\xcf\x82\xa6\x82\xe9\x97\xf6
0x08f6f8|頼もしい仲間たち|16|\x97\x8a\x82\xe0\x82\xb5\x82\xa2\x92\x87\x8a\xd4\x82\xbd\x82\xbf
0x08f720|広がる恋心|10|\x8d\x4c\x82\xaa\x82\xe9\x97\xf6\x90\x53
0x08f740|ふくらむ希望|12|\x82\xd3\x82\xad\x82\xe7\x82\xde\x8a\xf3\x96\x5d
0x08f764|恋愛強化期間|12|\x97\xf6\x88\xa4\x8b\xad\x89\xbb\x8a\xfa\x8a\xd4
0x08f788|恋のモニタリング|16|\x97\xf6\x82\xcc\x83\x82\x83\x6a\x83\x5e\x83\x8a\x83\x93\x83\x4f
0x08f7b0|天枷・鷺澤共同作戦|18|\x93\x56\x9e\x67\x81\x45\x8d\xeb\xe0\x56\x8b\xa4\x93\xaf\x8d\xec\x90\xed
0x08f7d8|恋の拡散大作戦|14|\x97\xf6\x82\xcc\x8a\x67\x8e\x55\x91\xe5\x8d\xec\x90\xed
0x08f7fc|一筋の希望|10|\x88\xea\x8b\xd8\x82\xcc\x8a\xf3\x96\x5d
0x08f81c|ただいま、おかえり|18|\x82\xbd\x82\xbe\x82\xa2\x82\xdc\x81\x41\x82\xa8\x82\xa9\x82\xa6\x82\xe8
0x08f844|ありがとう|10|\x82\xa0\x82\xe8\x82\xaa\x82\xc6\x82\xa4
0x08f864|優しい嘘|8|\x97\x44\x82\xb5\x82\xa2\x89\x52
0x08f884|マジカルプールデート|20|\x83\x7d\x83\x57\x83\x4a\x83\x8b\x83\x76\x81\x5b\x83\x8b\x83\x66\x81\x5b\x83\x67
0x08f8b0|やり直したらしたいこと|22|\x82\xe2\x82\xe8\x92\xbc\x82\xb5\x82\xbd\x82\xe7\x82\xb5\x82\xbd\x82\xa2\x82\xb1\x82\xc6
0x08f8dc|常坂元という男|14|\x8f\xed\x8d\xe2\x8c\xb3\x82\xc6\x82\xa2\x82\xa4\x92\x6a
0x08f900|世界とふたりと|14|\x90\xa2\x8a\x45\x82\xc6\x82\xd3\x82\xbd\x82\xe8\x82\xc6
0x08f924|使命よりも大切な|16|\x8e\x67\x96\xbd\x82\xe6\x82\xe8\x82\xe0\x91\xe5\x90\xd8\x82\xc8
0x08f94c|Ｄ．Ｃ．の魔法|14|\x82\x63\x81\x44\x82\x62\x81\x44\x82\xcc\x96\x82\x96\x40
0x08f970|有里咲のプラン|14|\x97\x4c\x97\xa2\x8d\xe7\x82\xcc\x83\x76\x83\x89\x83\x93
0x08f994|俺と有里咲と有里栖と|20|\x89\xb4\x82\xc6\x97\x4c\x97\xa2\x8d\xe7\x82\xc6\x97\x4c\x97\xa2\x90\xb2\x82\xc6
0x08f9c0|無理してそうな有里咲|20|\x96\xb3\x97\x9d\x82\xb5\x82\xc4\x82\xbb\x82\xa4\x82\xc8\x97\x4c\x97\xa2\x8d\xe7
0x08f9ec|サクラの国の有里咲|18|\x83\x54\x83\x4e\x83\x89\x82\xcc\x8d\x91\x82\xcc\x97\x4c\x97\xa2\x8d\xe7
0x08fa14|満月と魔法とＶＲと彼女と|24|\x96\x9e\x8c\x8e\x82\xc6\x96\x82\x96\x40\x82\xc6\x82\x75\x82\x71\x82\xc6\x94\xde\x8f\x97\x82\xc6
0x08fa44|オカルトな話|12|\x83\x49\x83\x4a\x83\x8b\x83\x67\x82\xc8\x98\x62
0x08fa68|久しぶりのＳＳＲ|16|\x8b\x76\x82\xb5\x82\xd4\x82\xe8\x82\xcc\x82\x72\x82\x72\x82\x71
0x08fa90|確認した日付|12|\x8a\x6d\x94\x46\x82\xb5\x82\xbd\x93\xfa\x95\x74
0x08fab4|思いだしてはダメ|16|\x8e\x76\x82\xa2\x82\xbe\x82\xb5\x82\xc4\x82\xcd\x83\x5f\x83\x81
0x08fadc|ＶＲ使用許可|12|\x82\x75\x82\x71\x8e\x67\x97\x70\x8b\x96\x89\xc2
0x08fb00|ＡＬＩＣＥに会えれば|20|\x82\x60\x82\x6b\x82\x68\x82\x62\x82\x64\x82\xc9\x89\xef\x82\xa6\x82\xea\x82\xce
0x08fb2c|アリスとＡＬＩＣＥ|18|\x83\x41\x83\x8a\x83\x58\x82\xc6\x82\x60\x82\x6b\x82\x68\x82\x62\x82\x64
0x08fb54|遊園地デート再び|16|\x97\x56\x89\x80\x92\x6e\x83\x66\x81\x5b\x83\x67\x8d\xc4\x82\xd1
0x08fb7c|彼女と過ごした日々|18|\x94\xde\x8f\x97\x82\xc6\x89\xdf\x82\xb2\x82\xb5\x82\xbd\x93\xfa\x81\x58
0x08fba4|有里栖とメーパン|16|\x97\x4c\x97\xa2\x90\xb2\x82\xc6\x83\x81\x81\x5b\x83\x70\x83\x93
0x08fbcc|もう一人の有里栖？|18|\x82\xe0\x82\xa4\x88\xea\x90\x6c\x82\xcc\x97\x4c\x97\xa2\x90\xb2\x81\x48
0x08fbf4|SSRのやさしさ|13|\x53\x53\x52\x82\xcc\x82\xe2\x82\xb3\x82\xb5\x82\xb3
0x08fc18|ホクロの位置！？|16|\x83\x7a\x83\x4e\x83\x8d\x82\xcc\x88\xca\x92\x75\x81\x49\x81\x48
0x08fc40|個別活動と称して|16|\x8c\xc2\x95\xca\x8a\x88\x93\xae\x82\xc6\x8f\xcc\x82\xb5\x82\xc4
0x08fc68|いつかの誰かの記憶|18|\x82\xa2\x82\xc2\x82\xa9\x82\xcc\x92\x4e\x82\xa9\x82\xcc\x8b\x4c\x89\xaf
0x08fc90|神社で不安を和らげて|20|\x90\x5f\x8e\xd0\x82\xc5\x95\x73\x88\xc0\x82\xf0\x98\x61\x82\xe7\x82\xb0\x82\xc4
0x08fcbc|明日の約束|10|\x96\xbe\x93\xfa\x82\xcc\x96\xf1\x91\xa9
0x08fcdc|雪とピアノと|12|\x90\xe1\x82\xc6\x83\x73\x83\x41\x83\x6d\x82\xc6
0x08fd00|自分じゃないみたい|18|\x8e\xa9\x95\xaa\x82\xb6\x82\xe1\x82\xc8\x82\xa2\x82\xdd\x82\xbd\x82\xa2
0x08fd28|家族も大事に|12|\x89\xc6\x91\xb0\x82\xe0\x91\xe5\x8e\x96\x82\xc9
0x08fd4c|ジジイに聞いた雪の話|20|\x83\x57\x83\x57\x83\x43\x82\xc9\x95\xb7\x82\xa2\x82\xbd\x90\xe1\x82\xcc\x98\x62
0x08fd78|アリスの視線|12|\x83\x41\x83\x8a\x83\x58\x82\xcc\x8e\x8b\x90\xfc
0x08fd9c|他人の夢を見ている感じ|22|\x91\xbc\x90\x6c\x82\xcc\x96\xb2\x82\xf0\x8c\xa9\x82\xc4\x82\xa2\x82\xe9\x8a\xb4\x82\xb6
0x08fdc8|有里栖と同じ夢を再び|20|\x97\x4c\x97\xa2\x90\xb2\x82\xc6\x93\xaf\x82\xb6\x96\xb2\x82\xf0\x8d\xc4\x82\xd1
0x08fdf4|ここ一年の話|12|\x82\xb1\x82\xb1\x88\xea\x94\x4e\x82\xcc\x98\x62
0x08fe18|有里栖の食レポブログ|20|\x97\x4c\x97\xa2\x90\xb2\x82\xcc\x90\x48\x83\x8c\x83\x7c\x83\x75\x83\x8d\x83\x4f
0x08fe44|二重人格なのかな？|18|\x93\xf1\x8f\x64\x90\x6c\x8a\x69\x82\xc8\x82\xcc\x82\xa9\x82\xc8\x81\x48
0x08fe6c|曖昧な記憶|10|\x9e\x42\x96\x86\x82\xc8\x8b\x4c\x89\xaf
0x08fe8c|夢の中の少年と少女|18|\x96\xb2\x82\xcc\x92\x86\x82\xcc\x8f\xad\x94\x4e\x82\xc6\x8f\xad\x8f\x97
0x08feb4|ひとり水鏡湖へ|14|\x82\xd0\x82\xc6\x82\xe8\x90\x85\x8b\xbe\x8c\xce\x82\xd6
0x08fed8|似ている景色|12|\x8e\x97\x82\xc4\x82\xa2\x82\xe9\x8c\x69\x90\x46
0x08fefc|有里栖と巡る島|14|\x97\x4c\x97\xa2\x90\xb2\x82\xc6\x8f\x84\x82\xe9\x93\x87
0x08ff20|初めて会った場所は？|20|\x8f\x89\x82\xdf\x82\xc4\x89\xef\x82\xc1\x82\xbd\x8f\xea\x8f\x8a\x82\xcd\x81\x48
0x08ff4c|思い出探しをしよう|18|\x8e\x76\x82\xa2\x8f\x6f\x92\x54\x82\xb5\x82\xf0\x82\xb5\x82\xe6\x82\xa4
0x08ff74|病み上がりの有里栖|18|\x95\x61\x82\xdd\x8f\xe3\x82\xaa\x82\xe8\x82\xcc\x97\x4c\x97\xa2\x90\xb2
0x08ff9c|メイドさんの対応|16|\x83\x81\x83\x43\x83\x68\x82\xb3\x82\xf1\x82\xcc\x91\xce\x89\x9e
0x08ffc4|欠席の彼女|10|\x8c\x87\x90\xc8\x82\xcc\x94\xde\x8f\x97
0x08ffe4|気になった別れ際|16|\x8b\x43\x82\xc9\x82\xc8\x82\xc1\x82\xbd\x95\xca\x82\xea\x8d\xdb
0x09000c|季節外れの雪|12|\x8b\x47\x90\xdf\x8a\x4f\x82\xea\x82\xcc\x90\xe1
0x090030|鏡の中の涙？|12|\x8b\xbe\x82\xcc\x92\x86\x82\xcc\x97\xdc\x81\x48
0x090054|懐かしい記憶|12|\x89\xf9\x82\xa9\x82\xb5\x82\xa2\x8b\x4c\x89\xaf
0x090078|巨神を駆逐する|14|\x8b\x90\x90\x5f\x82\xf0\x8b\xec\x92\x80\x82\xb7\x82\xe9
0x09009c|差し入れは二乃の弁当|20|\x8d\xb7\x82\xb5\x93\xfc\x82\xea\x82\xcd\x93\xf1\x94\x54\x82\xcc\x95\xd9\x93\x96
0x0900c8|エンタメのお仕事|16|\x83\x47\x83\x93\x83\x5e\x83\x81\x82\xcc\x82\xa8\x8e\x64\x8e\x96
0x0900f0|数学はマストです|16|\x90\x94\x8a\x77\x82\xcd\x83\x7d\x83\x58\x83\x67\x82\xc5\x82\xb7
0x090118|親子三人で|10|\x90\x65\x8e\x71\x8e\x4f\x90\x6c\x82\xc5
0x090138|鷺澤会長と娘|12|\x8d\xeb\xe0\x56\x89\xef\x92\xb7\x82\xc6\x96\xba
0x09015c|いざ初バイトへ|14|\x82\xa2\x82\xb4\x8f\x89\x83\x6f\x83\x43\x83\x67\x82\xd6
0x090180|揺れる裾に釘付け|16|\x97\x68\x82\xea\x82\xe9\x90\x9e\x82\xc9\x93\x42\x95\x74\x82\xaf
0x0901a8|バイトどうしよ|14|\x83\x6f\x83\x43\x83\x67\x82\xc7\x82\xa4\x82\xb5\x82\xe6
0x0901cc|一登さんご指名です|18|\x88\xea\x93\x6f\x82\xb3\x82\xf1\x82\xb2\x8e\x77\x96\xbc\x82\xc5\x82\xb7
0x0901f4|雨は嫌いじゃないけど|20|\x89\x4a\x82\xcd\x8c\x99\x82\xa2\x82\xb6\x82\xe1\x82\xc8\x82\xa2\x82\xaf\x82\xc7
0x090220|名探偵の名推理|14|\x96\xbc\x92\x54\x92\xe3\x82\xcc\x96\xbc\x90\x84\x97\x9d
0x090244|いろいろな親子関係|18|\x82\xa2\x82\xeb\x82\xa2\x82\xeb\x82\xc8\x90\x65\x8e\x71\x8a\xd6\x8c\x57
0x09026c|両親の帰宅予告|14|\x97\xbc\x90\x65\x82\xcc\x8b\x41\x91\xee\x97\x5c\x8d\x90
0x090290|将来は財閥を？|14|\x8f\xab\x97\x88\x82\xcd\x8d\xe0\x94\xb4\x82\xf0\x81\x48
0x0902b4|泉先生へのオススメ|18|\x90\xf2\x90\xe6\x90\xb6\x82\xd6\x82\xcc\x83\x49\x83\x58\x83\x58\x83\x81
0x0902dc|なんだか普段と違う朝|20|\x82\xc8\x82\xf1\x82\xbe\x82\xa9\x95\x81\x92\x69\x82\xc6\x88\xe1\x82\xa4\x92\xa9
0x090308|知らない呼び方|14|\x92\x6d\x82\xe7\x82\xc8\x82\xa2\x8c\xc4\x82\xd1\x95\xfb
0x09032c|データが違います。正しくインストールしてください。|50|\x83\x66\x81\x5b\x83\x5e\x82\xaa\x88\xe1\x82\xa2\x82\xdc\x82\xb7\x81\x42\x90\xb3\x82\xb5\x82\xad\x83\x43\x83\x93\x83\x58\x83\x67\x81\x5b\x83\x8b\x82\xb5\x82\xc4\x82\xad\x82\xbe\x82\xb3\x82\xa2\x81\x42
0x090360|MESファイルを更新してください|29|\x4d\x45\x53\x83\x74\x83\x40\x83\x43\x83\x8b\x82\xf0\x8d\x58\x90\x56\x82\xb5\x82\xc4\x82\xad\x82\xbe\x82\xb3\x82\xa2
0x090380|MESファイルバッファがとれません|31|\x4d\x45\x53\x83\x74\x83\x40\x83\x43\x83\x8b\x83\x6f\x83\x62\x83\x74\x83\x40\x82\xaa\x82\xc6\x82\xea\x82\xdc\x82\xb9\x82\xf1
0x0903ac|ラベルが見つかりません|22|\x83\x89\x83\x78\x83\x8b\x82\xaa\x8c\xa9\x82\xc2\x82\xa9\x82\xe8\x82\xdc\x82\xb9\x82\xf1
0x090b70|インデックス数 flaied|21|\x83\x43\x83\x93\x83\x66\x83\x62\x83\x4e\x83\x58\x90\x94\x20\x66\x6c\x61\x69\x65\x64
0x090d24|Direct3Dの初期化に失敗しました|30|\x44\x69\x72\x65\x63\x74\x33\x44\x82\xcc\x8f\x89\x8a\xfa\x89\xbb\x82\xc9\x8e\xb8\x94\x73\x82\xb5\x82\xdc\x82\xb5\x82\xbd
0x090dc8|セカンダリバッファの作成に失敗しました|38|\x83\x5a\x83\x4a\x83\x93\x83\x5f\x83\x8a\x83\x6f\x83\x62\x83\x74\x83\x40\x82\xcc\x8d\xec\x90\xac\x82\xc9\x8e\xb8\x94\x73\x82\xb5\x82\xdc\x82\xb5\x82\xbd
0x090f08|dataチャンクが存在しません|26|\x64\x61\x74\x61\x83\x60\x83\x83\x83\x93\x83\x4e\x82\xaa\x91\xb6\x8d\xdd\x82\xb5\x82\xdc\x82\xb9\x82\xf1
0x090f24|WAVEFORMATEXE情報の取得に失敗しました|37|\x57\x41\x56\x45\x46\x4f\x52\x4d\x41\x54\x45\x58\x45\x8f\xee\x95\xf1\x82\xcc\x8e\xe6\x93\xbe\x82\xc9\x8e\xb8\x94\x73\x82\xb5\x82\xdc\x82\xb5\x82\xbd
0x090f4c|fmtチャンクが存在しません|25|\x66\x6d\x74\x83\x60\x83\x83\x83\x93\x83\x4e\x82\xaa\x91\xb6\x8d\xdd\x82\xb5\x82\xdc\x82\xb9\x82\xf1
0x090f70|ではありません|14|\x82\xc5\x82\xcd\x82\xa0\x82\xe8\x82\xdc\x82\xb9\x82\xf1
0x090fa4|FONT:テキストテクスチャロック失敗|33|\x46\x4f\x4e\x54\x3a\x83\x65\x83\x4c\x83\x58\x83\x67\x83\x65\x83\x4e\x83\x58\x83\x60\x83\x83\x83\x8d\x83\x62\x83\x4e\x8e\xb8\x94\x73
0x0914a8|HTTPまたはHTTPSでもないです|27|\x48\x54\x54\x50\x82\xdc\x82\xbd\x82\xcd\x48\x54\x54\x50\x53\x82\xc5\x82\xe0\x82\xc8\x82\xa2\x82\xc5\x82\xb7
0x0914c4|HTTPファイル読み込みに失敗しました|34|\x48\x54\x54\x50\x83\x74\x83\x40\x83\x43\x83\x8b\x93\xc7\x82\xdd\x8d\x9e\x82\xdd\x82\xc9\x8e\xb8\x94\x73\x82\xb5\x82\xdc\x82\xb5\x82\xbd
0x0914e8|ステータスコードが成功でないです|32|\x83\x58\x83\x65\x81\x5b\x83\x5e\x83\x58\x83\x52\x81\x5b\x83\x68\x82\xaa\x90\xac\x8c\xf7\x82\xc5\x82\xc8\x82\xa2\x82\xc5\x82\xb7
0x09150c|ステータスコードの取得に失敗しました|36|\x83\x58\x83\x65\x81\x5b\x83\x5e\x83\x58\x83\x52\x81\x5b\x83\x68\x82\xcc\x8e\xe6\x93\xbe\x82\xc9\x8e\xb8\x94\x73\x82\xb5\x82\xdc\x82\xb5\x82\xbd
0x091534|HTTP要求送信に失敗しました|26|\x48\x54\x54\x50\x97\x76\x8b\x81\x91\x97\x90\x4d\x82\xc9\x8e\xb8\x94\x73\x82\xb5\x82\xdc\x82\xb5\x82\xbd
0x091550|HTTPリクエストに失敗しました|28|\x48\x54\x54\x50\x83\x8a\x83\x4e\x83\x47\x83\x58\x83\x67\x82\xc9\x8e\xb8\x94\x73\x82\xb5\x82\xdc\x82\xb5\x82\xbd
0x091570|HTTP接続に失敗しました|22|\x48\x54\x54\x50\x90\xda\x91\xb1\x82\xc9\x8e\xb8\x94\x73\x82\xb5\x82\xdc\x82\xb5\x82\xbd
0x091588|WinInetの初期化に失敗しました|29|\x57\x69\x6e\x49\x6e\x65\x74\x82\xcc\x8f\x89\x8a\xfa\x89\xbb\x82\xc9\x8e\xb8\x94\x73\x82\xb5\x82\xdc\x82\xb5\x82\xbd
0x0915e8|URL解析に失敗しました|21|\x55\x52\x4c\x89\xf0\x90\xcd\x82\xc9\x8e\xb8\x94\x73\x82\xb5\x82\xdc\x82\xb5\x82\xbd
0x091600|URLが不正です|13|\x55\x52\x4c\x82\xaa\x95\x73\x90\xb3\x82\xc5\x82\xb7
0x091638|コメントの文字数が多い|22|\x83\x52\x83\x81\x83\x93\x83\x67\x82\xcc\x95\xb6\x8e\x9a\x90\x94\x82\xaa\x91\xbd\x82\xa2
